WE739SM;WVGZZZ5NZJW890288;INVOICED;Bank BPH S.A.;22.09.2023;Volkswagen;Tiguan;sport utility vehicle;Tiguan 2.0d 150 Comfort 4x4 AT;;;54847;2018;06.02.2018;;;POCZTA;;;;;;;77 642,86 zł; 111 500,00 zl ;;111500;43,61%;43,61%;normal;użytkownik;Tomasz Lankauf Ul. Mariana Smoluchowskiego 8/1 80-214 Gdańsk Pesel - 66042308458;;20.09.2023;21.09.2023;236697;23200648;22.09.2023;;Greenval;05.02.2024
(dubel)WE881SG;TMBJJ7NP1J7544015;DUBEL;Nokia Solutions and Networks Sp. z o.o.;;Skoda;Superb Kombi;stationwagon;Sup.Com.2.0 TDI Style 190;;;126800;2017;04.01.2018;;;#N/D;;;;;;;50 791,62 zł; 79 500,00 zl ;;79500;56,52%;56,52%;normal;użytkownik;Jarosław Jabłoński ul. Gawędy 1/62, 85-792 Bydgoszcz PESEL: 74021003036;;20.09.2023;;#N/D;;;;;
WE291VN;WVWZZZ3CZKE066064;SOLD;Siemens Sp. z o. o.;02.10.2023;Volkswagen;Passat Variant;stationwagon;Pas.Var.2.0TDI 150 Com.7AT;;;79000;2019;25.02.2019;;;POCZTA;;Leasing;;;;;60 299,71 zł; 86 900,00 zl ;;86900;44,11%;44,11%;normal;użytkownik;LOGIC GATE Sp. z o.o. al. Komisji Edukacji Narodowej 36/112 B 02-797 Warszawa NIP: 1132903544;;20.09.2023;;#N/D;;;;Greenval;24.02.2024
WZ277AY;U5YH5814GLL067534;INVOICED;EKC EWA GRYGIERCZYK;30.09.2023;Kia;Ceed SW - MY19;stationwagon;Ceed SW 1.4TGDI 140 L AT;;;42000;2020;18.09.2020;;;#N/D;;;;;;;57 491,27 zł; 83 500,00 zl ;;83500;45,24%;45,24%;normal;użytkownik;"Dorota Futiakiewicz 30-017 Kraków ul. Wrocławska 80/19 pesel 95102505069 Marcin Futiakiewicz 30-017 Kraków ul. Wrocławska 80/19 pesel 95092904215 ";;20.09.2023;25.09.2023;237596;23221060;03.10.2023;;Greenval;17.09.2024
WE1R132;VF3MCYHZJLS183757;PAID;Carrefour Polska Sp. z o.o.;;Peugeot;3008 -16;sport utility vehicle;3008 1.5BHDi 130 Active;;;32000;2020;15.09.2020;;;#N/D;;;;;;;68 629,08 zł; 113 500,00 zl ;;113500;65,38%;65,38%;normal;użytkownik;Marek Baran ul. Gwiaździsta 21 m. 12 01-651 Warszawa PESEL 77111810394;;20.09.2023;22.09.2023;#N/D;;;;Greenval;14.09.2024
WE1K715;U5YH5811ALL072402;FREE;Operator Gazociągów Przesyłowych Gaz System SA;02.10.2023;KIA;CEED;Kombi;998,00cm3;Benzyna;Szary;68064;2020;13.08.2020;2;TAK;#N/D;;;;;;;; -   zl ;;;#DZIEL/0!;#DZIEL/0!;;;;;;;#N/D;;;;Polski Gaz TUW;30.06.2024
WE1K717;U5YH5811ALL072459;FREE;Operator Gazociągów Przesyłowych Gaz System SA;02.10.2023;KIA;CEED;Kombi;998,00cm3;Benzyna;Szary;46188;2020;13.08.2020;2;TAK;#N/D;;;;;;;; -   zl ;;;#DZIEL/0!;#DZIEL/0!;;;;;;;#N/D;;;;Polski Gaz TUW;30.06.2024
WE635UJ;YV1LF68UCK1445569;FREE;Conceptbau sp.z o.o.;02.10.2023;VOLVO;XC90;Terenowy;1969,00cm3;Diesel;Czarny;84275;2018;25.09.2018;2;TAK;POCZTA;;;;;;;; -   zl ;;;#DZIEL/0!;#DZIEL/0!;;;;;;;#N/D;;;;Greenval;24.09.2024
WN8775M;WBA31DW050WW85275;FREE;VT7 Sp. Z O.O.;02.10.2023;BMW;520D XDRIVE;Sedan;1995,00cm3;Diesel;Biały;56800;2020;30.06.2020;2;NIE;#N/D;;;;;;;; -   zl ;;;#DZIEL/0!;#DZIEL/0!;;;;;;;#N/D;;;;Greenval;29.06.2024
WT1538A;W0VBD8EB6K8066259;FREE;Hettich Polska Sp.z o.o.;02.10.2023;OPEL;ASTRA SPORTS TOURER;Kombi;1399,00cm3;Benzyna;Czarny;186366;2019;05.09.2019;2;NIE;POCZTA;;;;;;;; -   zl ;;;#DZIEL/0!;#DZIEL/0!;;;;;;;#N/D;;;;Greenval;04.09.2024
WT3840C;WBATY15020N042612;FREE;Perfekcyjny Partner Sp. z o.o.;02.10.2023;BMW;X3 XDRIVE20I;Terenowy;1998,00cm3;Benzyna;Czarny;50117;2020;02.10.2020;2;NIE;#N/D;;;;;;;; -   zl ;;;#DZIEL/0!;#DZIEL/0!;;;;;;;#N/D;;;;Greenval;01.10.2023
WE1S528;WF0FXXWPCFLD25886;FREE;BASF Polska Sp. z o.o.;02.10.2023;FORD;MONDEO KOMBI;Kombi;1997,00cm3;Diesel;Szary;203191;2020;28.09.2020;2;TAK;#N/D;;;;;;;; -   zl ;;;#DZIEL/0!;#DZIEL/0!;;;;;;;#N/D;;;;Greenval;27.09.2024
WE2H491;WMWXU710702P02229;FREE;Wellu Sp. Z o.o.;02.10.2023;MINI;COOPER;Sedan;1499,00cm3;Benzyna;Zielony;32615;2020;12.12.2020;2;NIE;#N/D;;;;;;;; -   zl ;;;#DZIEL/0!;#DZIEL/0!;;;;;;;#N/D;;;;Greenval;11.12.2023
WE1K337;U5YH5811ALL072406;FREE;Operator Gazociągów Przesyłowych Gaz System SA;02.10.2023;KIA;CEED;Kombi;998,00cm3;Benzyna;Szary;61823;2020;11.08.2020;2;TAK;#N/D;;;;;;;; -   zl ;;;#DZIEL/0!;#DZIEL/0!;;;;;;;#N/D;;;;Polski Gaz TUW;30.06.2024
WE1G193;TMBEA6NJ1LZ113575;FREE;CROWN PACKAGING MANUFACTURING POLAND SP. Z O.O.;02.10.2023;SKODA;FABIA;Hatchback;999,00cm3;Benzyna;Biały;11387;2020;15.07.2020;2;NIE;#N/D;;;;;;;; -   zl ;;;#DZIEL/0!;#DZIEL/0!;;;;;;;#N/D;;;;Greenval;14.07.2024
WZ659AX;WMWXU710702N36911;FREE;Wellu Sp. Z o.o.;02.10.2023;MINI;COOPER;Hatchback;1499,00cm3;Benzyna;Zielony;39691;2020;10.09.2020;2;NIE;#N/D;;;;;;;; -   zl ;;;#DZIEL/0!;#DZIEL/0!;;;;;;;#N/D;;;;Greenval;09.09.2024
WZ651AX;WMWXU710702N21454;FREE;Wellu Sp. Z o.o.;02.10.2023;MINI;COOPER;Hatchback;1499,00cm3;Benzyna;Czerwony;51656;2020;10.09.2020;2;NIE;#N/D;;;;;;;; -   zl ;;;#DZIEL/0!;#DZIEL/0!;;;;;;;#N/D;;;;Greenval;09.09.2024
WN1637M;VF3LRHNSKKS413353;FREE;Loreal Polska Sp. z o.o.;02.10.2023;PEUGEOT;308;Kombi;1199,00cm3;Benzyna;Niebieski;151197;2019;22.10.2019;1;TAK;POCZTA;Pojazd odbierany bez udziału użytkownika.;;;;;;; -   zl ;;;#DZIEL/0!;#DZIEL/0!;;;;;;;#N/D;;;;Greenval;21.10.2023
WE153YV;TMBJR7NE5L0143635;FREE;MK Pro Sp. z o. o.;02.10.2023;SKODA;OCTAVIA COMBI -16;Kombi;1498,00cm3;Benzyna;Szary;206192;2020;30.04.2020;2;NIE;#N/D;;;;;;;; -   zl ;;;#DZIEL/0!;#DZIEL/0!;;;;;;;#N/D;;;;Greenval;29.04.2024
WT5401C;TMBAR7NX6LY033258;FREE;MK Sp. z o.o.;02.10.2023;SKODA;OCTAVIA - 20;Hatchback;1498,00cm3;Benzyna;Srebrny;133233;2020;10.11.2020;2;TAK;#N/D;;;;;;;; -   zl ;;;#DZIEL/0!;#DZIEL/0!;;;;;;;#N/D;;;;Greenval;09.11.2023
WT5323C;TMBJW7NP1M7013547;FREE;MK Sp. z o.o.;02.10.2023;SKODA;SUPERB;Kombi;1395,00cm3;Hybryda;Szary;67558;2020;10.11.2020;2;NIE;#N/D;;;;;;;; -   zl ;;;#DZIEL/0!;#DZIEL/0!;;;;;;;#N/D;;;;Greenval;09.11.2023
WZ073CA;TMBAR7NX2LY033323;FREE;MK Sp. z o.o.;02.10.2023;SKODA;OCTAVIA - 20;Sedan;1498,00cm3;Benzyna;Czarny;100011;2020;14.10.2020;2;NIE;#N/D;;;;;;;; -   zl ;;;#DZIEL/0!;#DZIEL/0!;;;;;;;#N/D;;;;Greenval;13.10.2023
WGR19695;W0V0XEP68K4352659;FREE;NOBILIS INVESTMENT SPÓŁKA Z OGRANICZONĄ ODPOWIEDZIALNOŚCIĄ;02.10.2023;OPEL;CORSA-E;Hatchback;1398,00cm3;LPG;Niebieski;83477;2019;28.05.2019;2;TAK;AL;Ebof windykacja;;;;;;; -   zl ;;;#DZIEL/0!;#DZIEL/0!;;;;;;;#N/D;;;;Greenval;27.05.2024
WT3385C;TMBEK6NW2M3019962;SOLD;TIMAC Agro Polska Sp. z o.o.;;Skoda;Scala;hatchback;Scala 1.5 TSI 110 Ambition;;;120420;2020;21.09.2020;;;#N/D;;;;#N/D;;;51 933,40 zł; 75 800,00 zl ;;75800;45,96%;45,96%;normal;użytkownik;TIMAC Agro Polska Sp. z o.o. ul. Batorowska 15 62-081  WYSOGOTOWO 7772705750;;03.10.2023;;#N/D;;;;;
WE1M593;VNKKG3D3X0A202744;SOLD;Makro Cash And Carry Polska S.A.;;Toyota;Yaris;hatchback;Yaris 1.5DVVTi 111 Prem. 5d;;;55320;2020;01.09.2020;;;#N/D;;;;#N/D;;;36 000,34 zł; 57 900,00 zl ;;57900;60,83%;60,83%;normal;użytkownik;Paweł Brzostowski Osiedle Zygmunta Starego 12/75 60-684 Poznań Pesel: 73012903511;;03.10.2023;;#N/D;;;;;
